﻿<?xml version="1.0" encoding="utf-8" standalone="yes"?>
<addon id="plugin.script.ibuscommunicator" name="IBusCommunicator" version="1.3.6_20210412_232337" provider-name="harryberlin">
  <requires>
    <import_off addon="xbmc.python" version="2.1.0" />
    <import_off addon="script.module.pyserial" version="3.4" />
  </requires>
  <extension point="xbmc.python.script" library="default.py" />
  <extension point="xbmc.service" start="login" library="service.py" />
  <extension point="xbmc.addon.metadata">
    <platform>linux windx</platform>
    <license>GNU GENERAL PUBLIC LICENSE Version 3, 29 June 2007</license>
    <summary lang="en">IBus Communication for BMW</summary>
    <description lang="en">Addon for controlling Raspberry Pi with original BMW (E46, E39, E53,...) with Professional Navigation System. Radio BM24, BM54 and 16:9 Bordscreen.</description>
    <forum>http://www.bmwraspcontrol.de/board/showthread.php?tid=295</forum>
    <email>debug.ibuscommunicator@gmx.de</email>
    <source>not released at the moment</source>
    <assets>
      <icon>icon.png</icon>
      <fanart>fanart.jpg</fanart>
      <screenshot></screenshot>
    </assets>
  </extension>
</addon>